Method;Job;AnalyzeLaunchVariance;EvaluateOverhead;MaxAbsoluteError;MaxRelativeError;MinInvokeCount;MinIterationTime;OutlierMode;Affinity;EnvironmentVariables;Jit;LargeAddressAware;Platform;PowerPlanMode;Runtime;AllowVeryLargeObjects;Concurrent;CpuGroups;Force;HeapAffinitizeMask;HeapCount;NoAffinitize;RetainVm;Server;Arguments;BuildConfiguration;Clock;EngineFactory;NuGetReferences;Toolchain;IsMutator;InvocationCount;IterationCount;IterationTime;LaunchCount;MaxIterationCount;MaxWarmupIterationCount;MemoryRandomization;MinIterationCount;MinWarmupIterationCount;RunStrategy;UnrollFactor;WarmupCount;Mean;Error;StdDev;Ratio;RatioSD;Gen0;Code Size;Allocated;Alloc Ratio
Direct;net10;False;Default;Default;Default;Default;Default;Default;11111111111111111111;Empty;RyuJit;Default;X64;8c5e7fda-e8bf-4a96-9a85-a6e23a8c635c;.NET 10.0;False;True;False;True;Default;Default;False;False;False;Default;Default;Default;Default;Default;net10;Default;Default;Default;Default;Default;Default;Default;Default;Default;Default;Default;16;Default;8.886 ns;0.1924 ns;0.2058 ns;1.00;0.03;0.0046;"1,588 B";48 B;1.00
Reflection;net10;False;Default;Default;Default;Default;Default;Default;11111111111111111111;Empty;RyuJit;Default;X64;8c5e7fda-e8bf-4a96-9a85-a6e23a8c635c;.NET 10.0;False;True;False;True;Default;Default;False;False;False;Default;Default;Default;Default;Default;net10;Default;Default;Default;Default;Default;Default;Default;Default;Default;Default;Default;16;Default;25.876 ns;0.5407 ns;0.5310 ns;2.91;0.09;0.0099;"2,796 B";104 B;2.17
Delegate;net10;False;Default;Default;Default;Default;Default;Default;11111111111111111111;Empty;RyuJit;Default;X64;8c5e7fda-e8bf-4a96-9a85-a6e23a8c635c;.NET 10.0;False;True;False;True;Default;Default;False;False;False;Default;Default;Default;Default;Default;net10;Default;Default;Default;Default;Default;Default;Default;Default;Default;Default;Default;16;Default;11.463 ns;0.2695 ns;0.2767 ns;1.29;0.04;0.0046;51 B;48 B;1.00
Accessor;net10;False;Default;Default;Default;Default;Default;Default;11111111111111111111;Empty;RyuJit;Default;X64;8c5e7fda-e8bf-4a96-9a85-a6e23a8c635c;.NET 10.0;False;True;False;True;Default;Default;False;False;False;Default;Default;Default;Default;Default;net10;Default;Default;Default;Default;Default;Default;Default;Default;Default;Default;Default;16;Default;9.041 ns;0.1941 ns;0.1721 ns;1.02;0.03;0.0046;"1,588 B";48 B;1.00
Direct;net8;False;Default;Default;Default;Default;Default;Default;11111111111111111111;Empty;RyuJit;Default;X64;8c5e7fda-e8bf-4a96-9a85-a6e23a8c635c;.NET 10.0;False;True;False;True;Default;Default;False;False;False;Default;Default;Default;Default;Default;net8;Default;Default;Default;Default;Default;Default;Default;Default;Default;Default;Default;16;Default;12.611 ns;0.2950 ns;0.4416 ns;1.42;0.06;0.0046;688 B;48 B;1.00
Reflection;net8;False;Default;Default;Default;Default;Default;Default;11111111111111111111;Empty;RyuJit;Default;X64;8c5e7fda-e8bf-4a96-9a85-a6e23a8c635c;.NET 10.0;False;True;False;True;Default;Default;False;False;False;Default;Default;Default;Default;Default;net8;Default;Default;Default;Default;Default;Default;Default;Default;Default;Default;Default;16;Default;33.341 ns;0.5098 ns;0.4769 ns;3.75;0.10;0.0099;"1,037 B";104 B;2.17
Delegate;net8;False;Default;Default;Default;Default;Default;Default;11111111111111111111;Empty;RyuJit;Default;X64;8c5e7fda-e8bf-4a96-9a85-a6e23a8c635c;.NET 10.0;False;True;False;True;Default;Default;False;False;False;Default;Default;Default;Default;Default;net8;Default;Default;Default;Default;Default;Default;Default;Default;Default;Default;Default;16;Default;13.903 ns;0.1378 ns;0.1151 ns;1.57;0.04;0.0046;51 B;48 B;1.00
Accessor;net8;False;Default;Default;Default;Default;Default;Default;11111111111111111111;Empty;RyuJit;Default;X64;8c5e7fda-e8bf-4a96-9a85-a6e23a8c635c;.NET 10.0;False;True;False;True;Default;Default;False;False;False;Default;Default;Default;Default;Default;net8;Default;Default;Default;Default;Default;Default;Default;Default;Default;Default;Default;16;Default;12.194 ns;0.1620 ns;0.1436 ns;1.37;0.03;0.0046;688 B;48 B;1.00
Direct;net9;False;Default;Default;Default;Default;Default;Default;11111111111111111111;Empty;RyuJit;Default;X64;8c5e7fda-e8bf-4a96-9a85-a6e23a8c635c;.NET 10.0;False;True;False;True;Default;Default;False;False;False;Default;Default;Default;Default;Default;net9;Default;Default;Default;Default;Default;Default;Default;Default;Default;Default;Default;16;Default;12.596 ns;0.0707 ns;0.0661 ns;1.42;0.03;0.0046;680 B;48 B;1.00
Reflection;net9;False;Default;Default;Default;Default;Default;Default;11111111111111111111;Empty;RyuJit;Default;X64;8c5e7fda-e8bf-4a96-9a85-a6e23a8c635c;.NET 10.0;False;True;False;True;Default;Default;False;False;False;Default;Default;Default;Default;Default;net9;Default;Default;Default;Default;Default;Default;Default;Default;Default;Default;Default;16;Default;31.952 ns;0.2236 ns;0.2091 ns;3.60;0.08;0.0099;987 B;104 B;2.17
Delegate;net9;False;Default;Default;Default;Default;Default;Default;11111111111111111111;Empty;RyuJit;Default;X64;8c5e7fda-e8bf-4a96-9a85-a6e23a8c635c;.NET 10.0;False;True;False;True;Default;Default;False;False;False;Default;Default;Default;Default;Default;net9;Default;Default;Default;Default;Default;Default;Default;Default;Default;Default;Default;16;Default;14.646 ns;0.3436 ns;0.9288 ns;1.65;0.11;0.0046;51 B;48 B;1.00
Accessor;net9;False;Default;Default;Default;Default;Default;Default;11111111111111111111;Empty;RyuJit;Default;X64;8c5e7fda-e8bf-4a96-9a85-a6e23a8c635c;.NET 10.0;False;True;False;True;Default;Default;False;False;False;Default;Default;Default;Default;Default;net9;Default;Default;Default;Default;Default;Default;Default;Default;Default;Default;Default;16;Default;14.010 ns;0.3304 ns;0.6365 ns;1.58;0.08;0.0046;680 B;48 B;1.00
