Method;Job;AnalyzeLaunchVariance;EvaluateOverhead;MaxAbsoluteError;MaxRelativeError;MinInvokeCount;MinIterationTime;OutlierMode;Affinity;EnvironmentVariables;Jit;LargeAddressAware;Platform;PowerPlanMode;Runtime;AllowVeryLargeObjects;Concurrent;CpuGroups;Force;HeapAffinitizeMask;HeapCount;NoAffinitize;RetainVm;Server;Arguments;BuildConfiguration;Clock;EngineFactory;NuGetReferences;Toolchain;IsMutator;InvocationCount;IterationCount;IterationTime;LaunchCount;MaxIterationCount;MaxWarmupIterationCount;MemoryRandomization;MinIterationCount;MinWarmupIterationCount;RunStrategy;UnrollFactor;WarmupCount;Mean;Error;StdDev;Median;Ratio;RatioSD;Code Size;Allocated;Alloc Ratio
Reflection;net10;False;Default;Default;Default;Default;Default;Default;11111111111111111111111111111111;Empty;RyuJit;Default;X64;8c5e7fda-e8bf-4a96-9a85-a6e23a8c635c;.NET 10.0;False;True;False;True;Default;Default;False;False;False;Default;Default;Default;Default;Default;net10;Default;Default;Default;Default;Default;Default;Default;Default;Default;Default;Default;16;Default;7.477 ns;0.1696 ns;0.2486 ns;7.382 ns;1.00;0.05;"2,468 B";0 B;NA
Expression;net10;False;Default;Default;Default;Default;Default;Default;11111111111111111111111111111111;Empty;RyuJit;Default;X64;8c5e7fda-e8bf-4a96-9a85-a6e23a8c635c;.NET 10.0;False;True;False;True;Default;Default;False;False;False;Default;Default;Default;Default;Default;net10;Default;Default;Default;Default;Default;Default;Default;Default;Default;Default;Default;16;Default;2.941 ns;0.0836 ns;0.1870 ns;2.859 ns;0.39;0.03;56 B;0 B;NA
Emit;net10;False;Default;Default;Default;Default;Default;Default;11111111111111111111111111111111;Empty;RyuJit;Default;X64;8c5e7fda-e8bf-4a96-9a85-a6e23a8c635c;.NET 10.0;False;True;False;True;Default;Default;False;False;False;Default;Default;Default;Default;Default;net10;Default;Default;Default;Default;Default;Default;Default;Default;Default;Default;Default;16;Default;3.428 ns;0.0925 ns;0.1803 ns;3.383 ns;0.46;0.03;56 B;0 B;NA
Accessor;net10;False;Default;Default;Default;Default;Default;Default;11111111111111111111111111111111;Empty;RyuJit;Default;X64;8c5e7fda-e8bf-4a96-9a85-a6e23a8c635c;.NET 10.0;False;True;False;True;Default;Default;False;False;False;Default;Default;Default;Default;Default;net10;Default;Default;Default;Default;Default;Default;Default;Default;Default;Default;Default;16;Default;2.152 ns;0.0621 ns;0.0551 ns;2.136 ns;0.29;0.01;31 B;0 B;NA
Reflection;net8;False;Default;Default;Default;Default;Default;Default;11111111111111111111111111111111;Empty;RyuJit;Default;X64;8c5e7fda-e8bf-4a96-9a85-a6e23a8c635c;.NET 10.0;False;True;False;True;Default;Default;False;False;False;Default;Default;Default;Default;Default;net8;Default;Default;Default;Default;Default;Default;Default;Default;Default;Default;Default;16;Default;41.733 ns;1.1690 ns;3.3915 ns;40.398 ns;5.59;0.48;918 B;0 B;NA
Expression;net8;False;Default;Default;Default;Default;Default;Default;11111111111111111111111111111111;Empty;RyuJit;Default;X64;8c5e7fda-e8bf-4a96-9a85-a6e23a8c635c;.NET 10.0;False;True;False;True;Default;Default;False;False;False;Default;Default;Default;Default;Default;net8;Default;Default;Default;Default;Default;Default;Default;Default;Default;Default;Default;16;Default;3.387 ns;0.0908 ns;0.1359 ns;3.361 ns;0.45;0.02;56 B;0 B;NA
Emit;net8;False;Default;Default;Default;Default;Default;Default;11111111111111111111111111111111;Empty;RyuJit;Default;X64;8c5e7fda-e8bf-4a96-9a85-a6e23a8c635c;.NET 10.0;False;True;False;True;Default;Default;False;False;False;Default;Default;Default;Default;Default;net8;Default;Default;Default;Default;Default;Default;Default;Default;Default;Default;Default;16;Default;4.305 ns;0.2717 ns;0.7619 ns;4.024 ns;0.58;0.10;56 B;0 B;NA
Accessor;net8;False;Default;Default;Default;Default;Default;Default;11111111111111111111111111111111;Empty;RyuJit;Default;X64;8c5e7fda-e8bf-4a96-9a85-a6e23a8c635c;.NET 10.0;False;True;False;True;Default;Default;False;False;False;Default;Default;Default;Default;Default;net8;Default;Default;Default;Default;Default;Default;Default;Default;Default;Default;Default;16;Default;1.997 ns;0.0631 ns;0.1344 ns;1.995 ns;0.27;0.02;31 B;0 B;NA
Reflection;net9;False;Default;Default;Default;Default;Default;Default;11111111111111111111111111111111;Empty;RyuJit;Default;X64;8c5e7fda-e8bf-4a96-9a85-a6e23a8c635c;.NET 10.0;False;True;False;True;Default;Default;False;False;False;Default;Default;Default;Default;Default;net9;Default;Default;Default;Default;Default;Default;Default;Default;Default;Default;Default;16;Default;8.005 ns;0.3071 ns;0.8812 ns;7.585 ns;1.07;0.12;"2,212 B";0 B;NA
Expression;net9;False;Default;Default;Default;Default;Default;Default;11111111111111111111111111111111;Empty;RyuJit;Default;X64;8c5e7fda-e8bf-4a96-9a85-a6e23a8c635c;.NET 10.0;False;True;False;True;Default;Default;False;False;False;Default;Default;Default;Default;Default;net9;Default;Default;Default;Default;Default;Default;Default;Default;Default;Default;Default;16;Default;2.989 ns;0.0841 ns;0.2273 ns;2.880 ns;0.40;0.03;56 B;0 B;NA
Emit;net9;False;Default;Default;Default;Default;Default;Default;11111111111111111111111111111111;Empty;RyuJit;Default;X64;8c5e7fda-e8bf-4a96-9a85-a6e23a8c635c;.NET 10.0;False;True;False;True;Default;Default;False;False;False;Default;Default;Default;Default;Default;net9;Default;Default;Default;Default;Default;Default;Default;Default;Default;Default;Default;16;Default;3.367 ns;0.0918 ns;0.0814 ns;3.333 ns;0.45;0.02;56 B;0 B;NA
Accessor;net9;False;Default;Default;Default;Default;Default;Default;11111111111111111111111111111111;Empty;RyuJit;Default;X64;8c5e7fda-e8bf-4a96-9a85-a6e23a8c635c;.NET 10.0;False;True;False;True;Default;Default;False;False;False;Default;Default;Default;Default;Default;net9;Default;Default;Default;Default;Default;Default;Default;Default;Default;Default;Default;16;Default;1.954 ns;0.0644 ns;0.1626 ns;1.892 ns;0.26;0.02;31 B;0 B;NA
